cm,3rd,15th,Median,85th,97th
45.0,2.1,2.2,2.4,2.7,2.9
45.5,2.1,2.3,2.5,2.8,3.0
46.0,2.2,2.4,2.6,2.9,3.1
46.5,2.3,2.5,2.7,3.0,3.2
47.0,2.4,2.5,2.8,3.1,3.3
47.5,2.4,2.6,2.9,3.1,3.4
48.0,2.5,2.7,2.9,3.2,3.5
48.5,2.6,2.8,3.0,3.3,3.6
49.0,2.7,2.9,3.1,3.4,3.7
49.5,2.7,2.9,3.2,3.5,3.8
50.0,2.8,3.0,3.3,3.7,4.0
50.5,2.9,3.1,3.4,3.8,4.1
51.0,3.0,3.2,3.5,3.9,4.2
51.5,3.1,3.3,3.6,4.0,4.3
52.0,3.2,3.4,3.8,4.1,4.5
52.5,3.3,3.6,3.9,4.3,4.6
53.0,3.4,3.7,4.0,4.4,4.7
53.5,3.5,3.8,4.1,4.5,4.9
54.0,3.6,3.9,4.3,4.7,5.0
54.5,3.8,4.0,4.4,4.8,5.2
55.0,3.9,4.2,4.5,5.0,5.4
55.5,4.0,4.3,4.7,5.1,5.5
56.0,4.1,4.4,4.8,5.3,5.7
56.5,4.3,4.6,5.0,5.4,5.9
57.0,4.4,4.7,5.1,5.6,6.0
57.5,4.5,4.8,5.3,5.8,6.2
58.0,4.6,5.0,5.4,5.9,6.4
58.5,4.8,5.1,5.6,6.1,6.5
59.0,4.9,5.2,5.7,6.2,6.7
59.5,5.0,5.4,5.9,6.4,6.9
cm,3rd,15th,Median,85th,97th
60.0,5.1,5.5,6.0,6.5,7.0
60.5,5.3,5.6,6.1,6.7,7.2
61.0,5.4,5.8,6.3,6.8,7.4
61.5,5.5,5.9,6.4,7.0,7.5
62.0,5.6,6.0,6.5,7.1,7.7
62.5,5.7,6.1,6.7,7.3,7.8
63.0,5.8,6.2,6.8,7.4,8.0
63.5,5.9,6.3,6.9,7.5,8.1
64.0,6.0,6.5,7.0,7.7,8.2
64.5,6.1,6.6,7.1,7.8,8.4
65.0,6.3,6.7,7.3,7.9,8.5
65.5,6.4,6.8,7.4,8.1,8.7
66.0,6.5,6.9,7.5,8.2,8.8
66.5,6.6,7.0,7.6,8.3,8.9
67.0,6.7,7.1,7.7,8.4,9.1
67.5,6.8,7.2,7.9,8.6,9.2
68.0,6.9,7.3,8.0,8.7,9.3
68.5,7.0,7.4,8.1,8.8,9.5
69.0,7.1,7.5,8.2,8.9,9.6
69.5,7.1,7.6,8.3,9.1,9.7
70.0,7.2,7.7,8.4,9.2,9.9
70.5,7.3,7.8,8.5,9.3,10.0
71.0,7.4,8.0,8.6,9.4,10.1
71.5,7.5,8.1,8.8,9.6,10.3
72.0,7.6,8.2,8.9,9.7,10.4
72.5,7.7,8.3,9.0,9.8,10.5
73.0,7.8,8.4,9.1,9.9,10.7
73.5,7.9,8.4,9.2,10.0,10.8
74.0,8.0,8.5,9.3,10.1,10.9
74.5,8.1,8.6,9.4,10.3,11.0
75.0,8.2,8.7,9.5,10.4,11.2
cm,3rd,15th,Median,85th,97th
75.5,8.2,8.8,9.6,10.5,11.3
76.0,8.3,8.9,9.7,10.6,11.4
76.5,8.4,9.0,9.8,10.7,11.5
77.0,8.5,9.1,9.9,10.8,11.6
77.5,8.6,9.2,10.0,10.9,11.7
78.0,8.7,9.3,10.1,11.0,11.8
78.5,8.7,9.3,10.2,11.1,12.0
79.0,8.8,9.4,10.3,11.2,12.1
79.5,8.9,9.5,10.4,11.3,12.2
80.0,9.0,9.6,10.4,11.4,12.3
80.5,9.1,9.7,10.5,11.5,12.4
81.0,9.1,9.8,10.6,11.6,12.5
81.5,9.2,9.9,10.7,11.7,12.6
82.0,9.3,10.0,10.8,11.8,12.7
82.5,9.4,10.1,10.9,11.9,12.8
83.0,9.5,10.1,11.0,12.0,13.0
83.5,9.6,10.3,11.2,12.2,13.1
84.0,9.7,10.4,11.3,12.3,13.2
84.5,9.8,10.5,11.4,12.4,13.3
85.0,9.9,10.6,11.5,12.5,13.5
85.5,10.0,10.7,11.6,12.7,13.6
86.0,10.1,10.8,11.7,12.8,13.7
86.5,10.2,10.9,11.9,12.9,13.9
87.0,10.3,11.0,12.0,13.1,14.0
87.5,10.4,11.2,12.1,13.2,14.2
88.0,10.6,11.3,12.2,13.3,14.3
88.5,10.7,11.4,12.4,13.5,14.4
89.0,10.8,11.5,12.5,13.6,14.6
89.5,10.9,11.6,12.6,13.7,14.7
90.0,11.0,11.7,12.7,13.8,14.9
90.5,11.1,11.8,12.8,14.0,15.0
cm,3rd,15th,Median,85th,97th
91.0,11.2,11.9,13.0,14.1,15.1
91.5,11.3,12.0,13.1,14.2,15.3
92.0,11.4,12.2,13.2,14.4,15.4
92.5,11.5,12.3,13.3,14.5,15.5
93.0,11.6,12.4,13.4,14.6,15.7
93.5,11.7,12.5,13.5,14.7,15.8
94.0,11.8,12.6,13.7,14.9,16.0
94.5,11.9,12.7,13.8,15.0,16.1
95.0,12.0,12.8,13.9,15.1,16.2
95.5,12.1,12.9,14.0,15.3,16.4
96.0,12.2,13.0,14.1,15.4,16.5
96.5,12.3,13.1,14.3,15.5,16.7
97.0,12.4,13.2,14.4,15.7,16.8
97.5,12.5,13.4,14.5,15.8,17.0
98.0,12.6,13.5,14.6,15.9,17.1
98.5,12.7,13.6,14.8,16.1,17.3
99.0,12.8,13.7,14.9,16.2,17.4
99.5,12.9,13.8,15.0,16.4,17.6
100.0,13.0,13.9,15.2,16.5,17.8
100.5,13.2,14.1,15.3,16.7,17.9
101.0,13.3,14.2,15.4,16.8,18.1
101.5,13.4,14.3,15.6,17.0,18.3
102.0,13.5,14.5,15.7,17.2,18.5
102.5,13.6,14.6,15.9,17.3,18.6
103.0,13.8,14.7,16.0,17.5,18.8
103.5,13.9,14.8,16.2,17.7,19.0
104.0,14.0,15.0,16.3,17.8,19.2
104.5,14.1,15.1,16.5,18.0,19.4
105.0,14.2,15.3,16.6,18.2,19.6
105.5,14.4,15.4,16.8,18.4,19.8
106.0,14.5,15.5,16.9,18.5,20.0
cm,3rd,15th,Median,85th,97th
106.5,14.6,15.7,17.1,18.7,20.2
107.0,14.8,15.8,17.3,18.9,20.4
107.5,14.9,16.0,17.4,19.1,20.6
108.0,15.0,16.1,17.6,19.3,20.8
108.5,15.2,16.3,17.8,19.5,21.0
109.0,15.3,16.4,17.9,19.6,21.2
109.5,15.4,16.6,18.1,19.8,21.4
110.0,15.6,16.7,18.3,20.0,21.6
